CharterVilliersJets_10.txt,https://www.chartervilliersjets.com/about
CharterVilliersJets_20.txt,https://www.chartervilliersjets.com/bitcoin-payments
CharterVilliersJets_30.txt,https://www.chartervilliersjets.com/empty-legs
CharterVilliersJets_40.txt,https://www.chartervilliersjets.com/merchandise
CharterVilliersJets_50.txt,https://www.chartervilliersjets.com/contact
CharterVilliersJets_60.txt,https://www.chartervilliersjets.com/faq
CharterVilliersJets_70.txt,https://www.chartervilliersjets.com/self-sovereign-travel
CharterVilliersJets_80.txt,https://www.chartervilliersjets.com/bespoke-travel
CharterVilliersJets_90.txt,https://www.chartervilliersjets.com/aircraft-selection
CharterVilliersJets_100.txt,https://www.chartervilliersjets.com/family-travel
CharterVilliersJets_110.txt,https://www.chartervilliersjets.com/business-travel
CharterVilliersJets_120.txt,https://www.chartervilliersjets.com/pet-friendly-travel
CharterVilliersJets_130.txt,https://www.chartervilliersjets.com/exclusive-destinations
CharterVilliersJets_140.txt,https://www.chartervilliersjets.com/partnerships-safety
CharterVilliersJets_150.txt,https://www.chartervilliersjets.com/affiliate-dashboard
CharterVilliersJets_160.txt,https://www.chartervilliersjets.com/blog
CharterVilliersJets_170.txt,https://www.chartervilliersjets.com/blog/taking-kids-private-jet
CharterVilliersJets_180.txt,https://www.chartervilliersjets.com/blog/best-ski-destinations-2024
CharterVilliersJets_190.txt,https://www.chartervilliersjets.com/blog/embrace-the-chill
CharterVilliersJets_200.txt,https://www.chartervilliersjets.com/blog/planning-ahead
CharterVilliersJets_210.txt,https://www.chartervilliersjets.com/blog/festive-escapes
CharterVilliersJets_220.txt,https://www.chartervilliersjets.com/blog/pet-friendly-travel
CharterVilliersJets_230.txt,https://www.chartervilliersjets.com/blog/villiers-reviews
CharterVilliersJets_240.txt,https://www.chartervilliersjets.com/blog/christmas-greetings
CharterVilliersJets_250.txt,https://www.chartervilliersjets.com/blog/private-jet-vs-business-class
CharterVilliersJets_260.txt,https://www.chartervilliersjets.com/blog/st-moritz-spotlight
CharterVilliersJets_270.txt,https://www.chartervilliersjets.com/privacy-policy
CharterVilliersJets_280.txt,https://www.chartervilliersjets.com/terms-of-service
CharterVilliersJets_290.txt,https://www.chartervilliersjets.com/services
CharterVilliersJets_300.txt,https://www.chartervilliersjets.com/bitcoin-whitepaper
CharterVilliersJets_310.txt,https://www.chartervilliersjets.com/payment-options
