MailFloss_10.txt,https://getmailfloss.com/pricing
MailFloss_20.txt,https://getmailfloss.com/integrations
MailFloss_30.txt,https://getmailfloss.com/integrations/mailchimp
MailFloss_40.txt,https://getmailfloss.com/integrations/ontraport
MailFloss_50.txt,https://getmailfloss.com/integrations/hubspot
MailFloss_60.txt,https://getmailfloss.com/integrations/constantcontact
MailFloss_70.txt,https://getmailfloss.com/features
MailFloss_80.txt,https://getmailfloss.com/about-us
MailFloss_90.txt,https://getmailfloss.com/blog
MailFloss_100.txt,https://getmailfloss.com/reviews
MailFloss_110.txt,https://getmailfloss.com/help-center
MailFloss_120.txt,https://getmailfloss.com/free-email-verifier
MailFloss_130.txt,https://getmailfloss.com/roi-calculator
MailFloss_140.txt,https://getmailfloss.com/compare
MailFloss_150.txt,https://getmailfloss.com/alternative-to-zerobounce
MailFloss_160.txt,https://getmailfloss.com/alternative-to-neverbounce
MailFloss_170.txt,https://getmailfloss.com/alternative-to-kickbox
MailFloss_180.txt,https://getmailfloss.com/alternative-to-briteverify
