JoinNavan_10.txt,https://www.joinnavan.com/solutions
JoinNavan_20.txt,https://www.joinnavan.com/solutions/business-travel
JoinNavan_30.txt,https://www.joinnavan.com/solutions/expense-management
JoinNavan_40.txt,https://www.joinnavan.com/pricing
JoinNavan_50.txt,https://www.joinnavan.com/resources
JoinNavan_60.txt,https://www.joinnavan.com/resources/guides
JoinNavan_70.txt,https://www.joinnavan.com/resources/blogs
JoinNavan_80.txt,https://www.joinnavan.com/resources/tools-templates
JoinNavan_90.txt,https://www.joinnavan.com/company
JoinNavan_100.txt,https://www.joinnavan.com/company/about
JoinNavan_110.txt,https://www.joinnavan.com/company/careers
JoinNavan_120.txt,https://www.joinnavan.com/company/diversity-equity-inclusion
JoinNavan_130.txt,https://www.joinnavan.com/company/contact
JoinNavan_140.txt,https://www.joinnavan.com/company/partners
JoinNavan_150.txt,https://www.joinnavan.com/company/partners/accounting-firms
JoinNavan_160.txt,https://www.joinnavan.com/company/partners/financial-institutions
JoinNavan_170.txt,https://www.joinnavan.com/company/partners/service-providers
JoinNavan_180.txt,https://www.joinnavan.com/company/partners/travel-suppliers
JoinNavan_190.txt,https://www.joinnavan.com/industries
JoinNavan_200.txt,https://www.joinnavan.com/industries/energy-utilities
JoinNavan_210.txt,https://www.joinnavan.com/industries/manufacturing
JoinNavan_220.txt,https://www.joinnavan.com/industries/professional-services
JoinNavan_230.txt,https://www.joinnavan.com/industries/real-estate-construction
JoinNavan_240.txt,https://www.joinnavan.com/industries/retail-ecommerce
JoinNavan_250.txt,https://www.joinnavan.com/industries/technology-software
JoinNavan_260.txt,https://www.joinnavan.com/sustainability
JoinNavan_270.txt,https://www.joinnavan.com/navan-connect
JoinNavan_280.txt,https://www.joinnavan.com/rewards-program
JoinNavan_290.txt,https://www.joinnavan.com/global-capabilities
JoinNavan_300.txt,https://www.joinnavan.com/duty-of-care
JoinNavan_310.txt,https://www.joinnavan.com/mobile-app
JoinNavan_320.txt,https://www.joinnavan.com/integrations
JoinNavan_330.txt,https://www.joinnavan.com/customer-stories
JoinNavan_340.txt,https://www.joinnavan.com/regions
JoinNavan_350.txt,https://www.joinnavan.com/privacy-policy
JoinNavan_360.txt,https://www.joinnavan.com/terms-of-service
JoinNavan_370.txt,https://www.joinnavan.com/login
JoinNavan_380.txt,https://www.joinnavan.com/signup
JoinNavan_390.txt,https://www.joinnavan.com/sitemap.xml
