JoinWishUp_10.txt,https://www.joinwishup.com/pricing
JoinWishUp_20.txt,https://www.joinwishup.com/hire
JoinWishUp_30.txt,https://www.joinwishup.com/assistants/bookkeeping
JoinWishUp_40.txt,https://www.joinwishup.com/assistants/hiring
JoinWishUp_50.txt,https://www.joinwishup.com/assistants/personal
JoinWishUp_60.txt,https://www.joinwishup.com/assistants/administrative-executive
JoinWishUp_70.txt,https://www.joinwishup.com/services/project-management
JoinWishUp_80.txt,https://www.joinwishup.com/services/virtual-assistant
JoinWishUp_90.txt,https://www.joinwishup.com/services/inbox-management
JoinWishUp_100.txt,https://www.joinwishup.com/services/calendar-management
JoinWishUp_110.txt,https://www.joinwishup.com/services/virtual-receptionist
JoinWishUp_120.txt,https://www.joinwishup.com/tools/quickbooks
JoinWishUp_130.txt,https://www.joinwishup.com/tools/google-workspace
JoinWishUp_140.txt,https://www.joinwishup.com/tools/zapier
JoinWishUp_150.txt,https://www.joinwishup.com/tools/zoho
JoinWishUp_160.txt,https://www.joinwishup.com/industries/healthcare
JoinWishUp_170.txt,https://www.joinwishup.com/industries/startups
JoinWishUp_180.txt,https://www.joinwishup.com/industries/ecommerce
JoinWishUp_190.txt,https://www.joinwishup.com/industries/real-estate
JoinWishUp_200.txt,https://www.joinwishup.com/virtual-medical-assistant
JoinWishUp_210.txt,https://www.joinwishup.com/virtual-project-manager
JoinWishUp_220.txt,https://www.joinwishup.com/case-studies
JoinWishUp_230.txt,https://www.joinwishup.com/va-profiles
JoinWishUp_240.txt,https://www.joinwishup.com/vetting-process
JoinWishUp_250.txt,https://www.joinwishup.com/faq
JoinWishUp_260.txt,https://www.joinwishup.com/login
JoinWishUp_270.txt,https://www.joinwishup.com/signup
JoinWishUp_280.txt,https://www.joinwishup.com/privacy-policy
JoinWishUp_290.txt,https://www.joinwishup.com/terms
