JoinLaunchPass_10.txt,https://www.JoinLaunchpass.com/use-cases
JoinLaunchPass_20.txt,https://www.JoinLaunchpass.com/use-cases/podcast
JoinLaunchPass_30.txt,https://www.JoinLaunchpass.com/use-cases/reselling
JoinLaunchPass_40.txt,https://www.JoinLaunchpass.com/use-cases/membership
JoinLaunchPass_50.txt,https://www.JoinLaunchpass.com/use-cases/stock-trading
JoinLaunchPass_60.txt,https://www.JoinLaunchpass.com/use-cases/content-creators
JoinLaunchPass_70.txt,https://www.JoinLaunchpass.com/use-cases/crypto-nft
JoinLaunchPass_80.txt,https://www.JoinLaunchpass.com/use-cases/sports-picks
JoinLaunchPass_90.txt,https://www.JoinLaunchpass.com/use-cases/discord
JoinLaunchPass_100.txt,https://www.JoinLaunchpass.com/use-cases/telegram
JoinLaunchPass_110.txt,https://www.JoinLaunchpass.com/use-cases/slack
JoinLaunchPass_120.txt,https://www.JoinLaunchpass.com/pricing
JoinLaunchPass_130.txt,https://www.JoinLaunchpass.com/faq
JoinLaunchPass_140.txt,https://www.JoinLaunchpass.com/help
JoinLaunchPass_150.txt,https://www.JoinLaunchpass.com/blog
JoinLaunchPass_160.txt,https://www.JoinLaunchpass.com/login
JoinLaunchPass_170.txt,https://www.JoinLaunchpass.com/book-demo
JoinLaunchPass_180.txt,https://www.JoinLaunchpass.com/privacy-policy
JoinLaunchPass_190.txt,https://www.JoinLaunchpass.com/terms-conditions
JoinLaunchPass_200.txt,https://www.JoinLaunchpass.com/partner-program
JoinLaunchPass_210.txt,https://www.JoinLaunchpass.com/contact
JoinLaunchPass_220.txt,https://www.JoinLaunchpass.com/features
JoinLaunchPass_230.txt,https://www.JoinLaunchpass.com/features/automated-member-management
JoinLaunchPass_240.txt,https://www.JoinLaunchpass.com/features/flexible-subscription-options
JoinLaunchPass_250.txt,https://www.JoinLaunchpass.com/features/custom-branding
JoinLaunchPass_260.txt,https://www.JoinLaunchpass.com/features/platform-flexibility
JoinLaunchPass_270.txt,https://www.JoinLaunchpass.com/integrations
JoinLaunchPass_280.txt,https://www.JoinLaunchpass.com/case-studies
JoinLaunchPass_290.txt,https://www.JoinLaunchpass.com/why-JoinLaunchpass
JoinLaunchPass_300.txt,https://www.JoinLaunchpass.com/why-JoinLaunchpass/monetize-anything
JoinLaunchPass_310.txt,https://www.JoinLaunchpass.com/why-JoinLaunchpass/launch-in-minutes
JoinLaunchPass_320.txt,https://www.JoinLaunchpass.com/why-JoinLaunchpass/turn-passion-into-profit
JoinLaunchPass_330.txt,https://www.JoinLaunchpass.com/niche-specific-pages
JoinLaunchPass_340.txt,https://www.JoinLaunchpass.com/niche-specific-pages/podcasts
JoinLaunchPass_350.txt,https://www.JoinLaunchpass.com/niche-specific-pages/resellers
JoinLaunchPass_360.txt,https://www.JoinLaunchpass.com/niche-specific-pages/stock-trading-groups
JoinLaunchPass_370.txt,https://www.JoinLaunchpass.com/niche-specific-pages/crypto-nft-groups
JoinLaunchPass_380.txt,https://www.JoinLaunchpass.com/niche-specific-pages/content-creators
JoinLaunchPass_390.txt,https://www.JoinLaunchpass.com/blog-news
JoinLaunchPass_400.txt,https://www.JoinLaunchpass.com/favicon.ico
JoinLaunchPass_410.txt,https://www.JoinLaunchpass.com/robots.txt
JoinLaunchPass_420.txt,https://www.JoinLaunchpass.com/manifest.json
