JoinLyveCom_10.txt,https://www.lyvecom.com/functionality/core-value-proposition
JoinLyveCom_20.txt,https://www.lyvecom.com/functionality/platform-overview
JoinLyveCom_30.txt,https://www.lyvecom.com/functionality/customer-engagement
JoinLyveCom_40.txt,https://www.lyvecom.com/functionality/call-to-action
JoinLyveCom_50.txt,https://www.lyvecom.com/functionality/social-proof
JoinLyveCom_60.txt,https://www.lyvecom.com/functionality/tailored-video-formats
JoinLyveCom_70.txt,https://www.lyvecom.com/features/navigation-menu
JoinLyveCom_80.txt,https://www.lyvecom.com/features/hero-section
JoinLyveCom_90.txt,https://www.lyvecom.com/features/product-links
JoinLyveCom_100.txt,https://www.lyvecom.com/features/call-to-action-buttons
JoinLyveCom_110.txt,https://www.lyvecom.com/products
JoinLyveCom_120.txt,https://www.lyvecom.com/products/shoppable-video/overview
JoinLyveCom_130.txt,https://www.lyvecom.com/products/shoppable-video/features/content-import
JoinLyveCom_140.txt,https://www.lyvecom.com/products/shoppable-video/features/product-tagging
JoinLyveCom_150.txt,https://www.lyvecom.com/products/shoppable-video/features/versatile-formats
JoinLyveCom_160.txt,https://www.lyvecom.com/products/shoppable-video/features/analytics
JoinLyveCom_170.txt,https://www.lyvecom.com/products/shoppable-video/features/personalization
JoinLyveCom_180.txt,https://www.lyvecom.com/products/livestream/overview
JoinLyveCom_190.txt,https://www.lyvecom.com/products/livestream/features/multi-channel
JoinLyveCom_200.txt,https://www.lyvecom.com/products/livestream/features/in-stream-checkout
JoinLyveCom_210.txt,https://www.lyvecom.com/products/livestream/features/brand-experience
JoinLyveCom_220.txt,https://www.lyvecom.com/products/livestream/features/interactive-features
JoinLyveCom_230.txt,https://www.lyvecom.com/products/livestream/features/customer-segmentation
JoinLyveCom_240.txt,https://www.lyvecom.com/products/livestream/features/floating-widget
JoinLyveCom_250.txt,https://www.lyvecom.com/products/livestream/features/landing-page
JoinLyveCom_260.txt,https://www.lyvecom.com/products/livestream/features/notifications
JoinLyveCom_270.txt,https://www.lyvecom.com/products/shopmini/overview
JoinLyveCom_280.txt,https://www.lyvecom.com/products/shopmini/features/setup
JoinLyveCom_290.txt,https://www.lyvecom.com/products/shopmini/features/social-media-import
JoinLyveCom_300.txt,https://www.lyvecom.com/products/shopmini/features/engagement
JoinLyveCom_310.txt,https://www.lyvecom.com/products/tapcart/overview
JoinLyveCom_320.txt,https://www.lyvecom.com/products/tapcart/features/personalization
JoinLyveCom_330.txt,https://www.lyvecom.com/products/tapcart/features/live-events
JoinLyveCom_340.txt,https://www.lyvecom.com/products/tapcart/features/social-simulcasting
JoinLyveCom_350.txt,https://www.lyvecom.com/products/tapcart/features/video-formats
JoinLyveCom_360.txt,https://www.lyvecom.com/demo-store
JoinLyveCom_370.txt,https://www.lyvecom.com/case-studies
JoinLyveCom_380.txt,https://www.lyvecom.com/case-studies/glamnetic
JoinLyveCom_390.txt,https://www.lyvecom.com/case-studies/gfuel
JoinLyveCom_400.txt,https://www.lyvecom.com/pricing
JoinLyveCom_410.txt,https://www.lyvecom.com/pricing/subscription-plans/basics
JoinLyveCom_420.txt,https://www.lyvecom.com/pricing/subscription-plans/plus
JoinLyveCom_430.txt,https://www.lyvecom.com/pricing/subscription-plans/pro
JoinLyveCom_440.txt,https://www.lyvecom.com/pricing/subscription-plans/elite
JoinLyveCom_450.txt,https://www.lyvecom.com/pricing/features-by-tier
JoinLyveCom_460.txt,https://www.lyvecom.com/pricing/business-inquiry-form
JoinLyveCom_470.txt,https://www.lyvecom.com/blog
JoinLyveCom_480.txt,https://www.lyvecom.com/affiliates
JoinLyveCom_490.txt,https://www.lyvecom.com/creator-community
JoinLyveCom_500.txt,https://www.lyvecom.com/industry-use-cases
JoinLyveCom_510.txt,https://www.lyvecom.com/industry-use-cases/fashion-and-apparel
JoinLyveCom_520.txt,https://www.lyvecom.com/industry-use-cases/beauty-and-cosmetics
JoinLyveCom_530.txt,https://www.lyvecom.com/industry-use-cases/food-and-beverage
JoinLyveCom_540.txt,https://www.lyvecom.com/industry-use-cases/electronics-and-gadgets
JoinLyveCom_550.txt,https://www.lyvecom.com/industry-use-cases/home-and-lifestyle
JoinLyveCom_560.txt,https://www.lyvecom.com/ai-video-personalization
JoinLyveCom_570.txt,https://www.lyvecom.com/integrations
JoinLyveCom_580.txt,https://www.lyvecom.com/analytics-and-reporting
JoinLyveCom_590.txt,https://www.lyvecom.com/onboarding-process
JoinLyveCom_600.txt,https://www.lyvecom.com/faq
JoinLyveCom_610.txt,https://www.lyvecom.com/brand-story
JoinLyveCom_620.txt,https://www.lyvecom.com/favicon.ico
JoinLyveCom_630.txt,https://www.lyvecom.com/images/
JoinLyveCom_640.txt,https://www.lyvecom.com/videos/
JoinLyveCom_650.txt,https://www.lyvecom.com/documents/
 

