StoraCo_10.txt,https://stora.co/product
StoraCo_20.txt,https://stora.co/product/website-design
StoraCo_30.txt,https://stora.co/product/online-sales
StoraCo_40.txt,https://stora.co/product/facility-management
StoraCo_50.txt,https://stora.co/product/business-insights
StoraCo_60.txt,https://stora.co/product/capital
StoraCo_70.txt,https://stora.co/product/support
StoraCo_80.txt,https://stora.co/resources/brand-marketplace
StoraCo_90.txt,https://stora.co/resources/community
StoraCo_100.txt,https://stora.co/resources/uk-industry-insights-report
StoraCo_110.txt,https://stora.co/resources/events
StoraCo_120.txt,https://stora.co/resources/insights
StoraCo_130.txt,https://stora.co/resources/support
StoraCo_140.txt,https://stora.co/resources/help-center
StoraCo_150.txt,https://stora.co/resources/migrating-to-stora
StoraCo_160.txt,https://stora.co/resources/learn
StoraCo_170.txt,https://stora.co/resources/blog
StoraCo_180.txt,https://stora.co/resources/growth-tips-newsletter
StoraCo_190.txt,https://stora.co/resources/self-storage-growth-guide
StoraCo_200.txt,https://stora.co/resources/podcast
StoraCo_210.txt,https://stora.co/resources/academy
StoraCo_220.txt,https://stora.co/resources/how-to-start-a-self-storage-business
StoraCo_230.txt,https://stora.co/resources/ecosystem
StoraCo_240.txt,https://stora.co/resources/free-tools
StoraCo_250.txt,https://stora.co/resources/investment-calculator
StoraCo_260.txt,https://stora.co/resources/financial-model
StoraCo_270.txt,https://stora.co/pricing
StoraCo_280.txt,https://stora.co/integrations
StoraCo_290.txt,https://stora.co/login
StoraCo_300.txt,https://stora.co/book-a-demo
StoraCo_310.txt,https://stora.co/roadmap
StoraCo_320.txt,https://stora.co/changelog
StoraCo_330.txt,https://stora.co/case-studies
StoraCo_340.txt,https://stora.co/company
StoraCo_350.txt,https://stora.co/company/about-us
StoraCo_360.txt,https://stora.co/company/meet-the-team
StoraCo_370.txt,https://stora.co/company/contact
StoraCo_380.txt,https://stora.co/company/careers
StoraCo_390.txt,https://stora.co/legal/privacy-policy
StoraCo_400.txt,https://stora.co/legal/terms
StoraCo_410.txt,https://stora.co/legal/cookies-settings
StoraCo_420.txt,https://stora.co/functionality/self-storage-ecosystem
StoraCo_430.txt,https://stora.co/functionality/specific-integrations/stripe
StoraCo_440.txt,https://stora.co/functionality/specific-integrations/xero
StoraCo_450.txt,https://stora.co/functionality/specific-integrations/hubspot
StoraCo_460.txt,https://stora.co/functionality/specific-integrations/intercom
StoraCo_470.txt,https://stora.co/functionality/detailed-case-studies
StoraCo_480.txt,https://stora.co/functionality/self-storage-academy
StoraCo_490.txt,https://stora.co/functionality/financial-model
StoraCo_500.txt,https://stora.co/functionality/pricing-detail
StoraCo_510.txt,https://stora.co/functionality/capital-detail
StoraCo_520.txt,https://stora.co/functionality/community-detail
StoraCo_530.txt,https://stora.co/functionality/feature-pages/automated-payments
StoraCo_540.txt,https://stora.co/functionality/feature-pages/smart-entry-integration
StoraCo_550.txt,https://stora.co/functionality/feature-pages/dynamic-pricing
StoraCo_560.txt,https://stora.co/functionality/feature-pages/facility-maps
StoraCo_570.txt,https://stora.co/functionality/why-choose-stora
