JoinAltFins_10.txt,https://www.joinaltfins.com/crypto-screener
JoinAltFins_20.txt,https://www.joinaltfins.com/signals-summary
JoinAltFins_30.txt,https://www.joinaltfins.com/crypto-markets
JoinAltFins_40.txt,https://www.joinaltfins.com/on-chain-data
JoinAltFins_50.txt,https://www.joinaltfins.com/education
JoinAltFins_60.txt,https://www.joinaltfins.com/education/trading-academy
JoinAltFins_70.txt,https://www.joinaltfins.com/education/trading-academy/crypto-course
JoinAltFins_80.txt,https://www.joinaltfins.com/education/trading-academy/trend-trading-moving-average-crossovers
JoinAltFins_90.txt,https://www.joinaltfins.com/education/trading-academy/pullback-in-uptrend
JoinAltFins_100.txt,https://www.joinaltfins.com/education/trading-academy/additional-resources
JoinAltFins_110.txt,https://www.joinaltfins.com/education/blog
JoinAltFins_120.txt,https://www.joinaltfins.com/research-hub
JoinAltFins_130.txt,https://www.joinaltfins.com/trade-crypto
JoinAltFins_140.txt,https://www.joinaltfins.com/portfolio-management
JoinAltFins_150.txt,https://www.joinaltfins.com/ai-chart-patterns
JoinAltFins_160.txt,https://www.joinaltfins.com/comprehensive-trading-signals
JoinAltFins_170.txt,https://www.joinaltfins.com/technical-analysis-tools
JoinAltFins_180.txt,https://www.joinaltfins.com/pricing
JoinAltFins_190.txt,https://www.joinaltfins.com/pricing/subscription-plans
JoinAltFins_200.txt,https://www.joinaltfins.com/about
JoinAltFins_210.txt,https://www.joinaltfins.com/team
JoinAltFins_220.txt,https://www.joinaltfins.com/partner-program
JoinAltFins_230.txt,https://www.joinaltfins.com/bounty-program
JoinAltFins_240.txt,https://www.joinaltfins.com/crypto-widgets
JoinAltFins_250.txt,https://www.joinaltfins.com/app-store-links
JoinAltFins_260.txt,https://www.joinaltfins.com/news
JoinAltFins_270.txt,https://www.joinaltfins.com/events
JoinAltFins_280.txt,https://www.joinaltfins.com/mobile-app
JoinAltFins_290.txt,https://www.joinaltfins.com/privacy-policy
JoinAltFins_300.txt,https://www.joinaltfins.com/terms-of-use
JoinAltFins_310.txt,https://www.joinaltfins.com/cookies-policy
JoinAltFins_320.txt,https://www.joinaltfins.com/faq
JoinAltFins_330.txt,https://www.joinaltfins.com/sitemap.xml
