VocAI_10.txt,https://JoinVocAI.com/tools
VocAI_20.txt,https://JoinVocAI.com/tools/chatgpt-alternative
VocAI_30.txt,https://JoinVocAI.com/tools/chatgpt-for-amazon
VocAI_40.txt,https://JoinVocAI.com/tools/chatgpt-for-shopify
VocAI_50.txt,https://JoinVocAI.com/tools/chatgpt-for-customer-service
VocAI_60.txt,https://JoinVocAI.com/tools/instagram-hashtag-generator
VocAI_70.txt,https://JoinVocAI.com/tools/social-media-caption-generator
VocAI_80.txt,https://JoinVocAI.com/tools/shopify-stores
VocAI_90.txt,https://JoinVocAI.com/tools/chatpdf
VocAI_100.txt,https://JoinVocAI.com/tools/fba-calculator
VocAI_110.txt,https://JoinVocAI.com/tools/ai-listing
VocAI_120.txt,https://JoinVocAI.com/tools/ai-translator
VocAI_130.txt,https://JoinVocAI.com/tools/word-cloud-generator
VocAI_140.txt,https://JoinVocAI.com/tools/unit-converter
VocAI_150.txt,https://JoinVocAI.com/tools/typing-speed-test
VocAI_160.txt,https://JoinVocAI.com/tools/tiktok-username-generator
VocAI_170.txt,https://JoinVocAI.com/chrome-extension
VocAI_180.txt,https://JoinVocAI.com/pricing
VocAI_190.txt,https://JoinVocAI.com/resources/blogs
VocAI_200.txt,https://JoinVocAI.com/resources/customer-stories
VocAI_210.txt,https://JoinVocAI.com/resources/voc-reports
VocAI_220.txt,https://JoinVocAI.com/resources/knowledge-base
VocAI_230.txt,https://JoinVocAI.com/resources/review-analysis-api
VocAI_240.txt,https://JoinVocAI.com/resources/amazon-review-analysis-reports
VocAI_250.txt,https://JoinVocAI.com/resources/support-manuals
VocAI_260.txt,https://JoinVocAI.com/resources/fba-guides
VocAI_270.txt,https://JoinVocAI.com/support/faq
VocAI_280.txt,https://JoinVocAI.com/support/contact
VocAI_290.txt,https://JoinVocAI.com/integrations
VocAI_300.txt,https://JoinVocAI.com/affiliate-program
VocAI_310.txt,https://JoinVocAI.com/influencer-program
VocAI_320.txt,https://JoinVocAI.com/demo
VocAI_330.txt,https://JoinVocAI.com/sign-up
VocAI_340.txt,https://JoinVocAI.com/log-in
VocAI_350.txt,https://JoinVocAI.com/new-chat
VocAI_360.txt,https://JoinVocAI.com/developer-dashboard
VocAI_370.txt,https://JoinVocAI.com/social-links/youtube
VocAI_380.txt,https://JoinVocAI.com/social-links/twitter
VocAI_390.txt,https://JoinVocAI.com/social-links/linkedin
VocAI_400.txt,https://JoinVocAI.com/social-links/tiktok
VocAI_410.txt,https://JoinVocAI.com/social-links/quora
