ZebraCatAI_10.txt,https://zebracat.ai/pricing
ZebraCatAI_20.txt,https://zebracat.ai/features/text-to-video
ZebraCatAI_30.txt,https://zebracat.ai/features/ai-scene-generator
ZebraCatAI_40.txt,https://zebracat.ai/features/ai-automated-video-editing
ZebraCatAI_50.txt,https://zebracat.ai/features/blog-to-video
ZebraCatAI_60.txt,https://zebracat.ai/features/text-to-speech
ZebraCatAI_70.txt,https://zebracat.ai/features/turn-your-uploaded-footage-to-video
ZebraCatAI_80.txt,https://zebracat.ai/use-case/make-ai-video-ads
ZebraCatAI_90.txt,https://zebracat.ai/use-case/make-faceless-social-videos
ZebraCatAI_100.txt,https://zebracat.ai/use-case/repurpose-blog-posts-into-videos
ZebraCatAI_110.txt,https://zebracat.ai/about
ZebraCatAI_120.txt,https://zebracat.ai/research
ZebraCatAI_130.txt,https://zebracat.ai/ethics
ZebraCatAI_140.txt,https://zebracat.ai/contact
ZebraCatAI_150.txt,https://zebracat.ai/solutions/ecommerce
ZebraCatAI_160.txt,https://zebracat.ai/solutions/education
ZebraCatAI_170.txt,https://zebracat.ai/solutions/real-estate
ZebraCatAI_180.txt,https://zebracat.ai/ai-technology/multimodal-ai
ZebraCatAI_190.txt,https://zebracat.ai/ai-technology/scene-generation
ZebraCatAI_200.txt,https://zebracat.ai/ai-technology/scene-understanding
ZebraCatAI_210.txt,https://zebracat.ai/creative-control/editing
ZebraCatAI_220.txt,https://zebracat.ai/creative-control/brand-kit
ZebraCatAI_230.txt,https://zebracat.ai/case-studies
ZebraCatAI_240.txt,https://zebracat.ai/integrations
ZebraCatAI_250.txt,https://zebracat.ai/pricing/comparison
ZebraCatAI_260.txt,https://zebracat.ai/pricing/usage-calculator
ZebraCatAI_270.txt,https://zebracat.ai/language-support
ZebraCatAI_280.txt,https://zebracat.ai/free-plan
